Date,Close
2011-09-13,5.97
2011-09-14,5.53
2011-09-15,5.13
2011-09-16,4.85
2011-09-17,4.87
2011-09-18,4.92
2011-09-19,4.9
2011-09-20,5.66
2011-09-21,5.66
2011-09-22,5.72
2011-09-23,5.72
2011-09-24,5.68
2011-09-25,6.05
2011-09-26,4.8
2011-09-27,4.92
2011-09-28,4.82
2011-09-29,4.82
2011-09-30,0.0
2011-10-01,0.0
2011-10-02,0.0
2011-10-03,4.87
2011-10-04,4.98
2011-10-05,4.92
2011-10-06,4.8
2011-10-07,4.61
2011-10-08,3.99
2011-10-09,3.89
2011-10-10,4.51
2011-10-11,4.1
2011-10-12,3.93
2011-10-13,3.97
2011-10-14,4.05
2011-10-15,0.0
2011-10-16,0.0
2011-10-17,3.92
2011-10-18,0.0
2011-10-19,0.0
2011-10-20,2.24
2011-10-21,2.27
2011-10-22,0.0
2011-10-23,0.0
2011-10-24,2.92
2011-10-25,2.72
2011-10-26,2.69
2011-10-27,0.0
2011-10-28,4.2
2011-10-29,3.95
2011-10-30,3.5
2011-10-31,3.3
2011-11-01,3.33
2011-11-02,0.0
2011-11-03,0.0
2011-11-04,3.55
2011-11-05,3.0
2011-11-06,2.95
2011-11-07,0.0
2011-11-08,3.08
2011-11-09,3.3
2011-11-10,3.3
2011-11-11,3.3
2011-11-12,3.35
2011-11-13,3.35
2011-11-14,2.47
2011-11-15,2.5
2011-11-16,3.0
2011-11-17,2.99
2011-11-18,2.5
2011-11-19,2.43
2011-11-20,2.37
2011-11-21,2.25
2011-11-22,2.59
2011-11-23,0.0
2011-11-24,3.0
2011-11-25,2.75
2011-11-26,2.77
2011-11-27,0.0
2011-11-28,2.66
2011-11-29,2.72
2011-11-30,3.19
2011-12-01,3.42
2011-12-02,3.04
2011-12-03,2.93
2011-12-04,0.0
2011-12-05,2.93
2011-12-06,2.98
2011-12-07,3.3
2011-12-08,3.3
2011-12-09,0.0
2011-12-10,3.2
2011-12-11,3.27
2011-12-12,3.48
2011-12-13,3.56
2011-12-14,3.47
2011-12-15,3.45
2011-12-16,3.44
2011-12-17,0.0
2011-12-18,3.5
2011-12-19,3.85
2011-12-20,4.55
2011-12-21,4.38
2011-12-22,4.17
2011-12-23,4.22
2011-12-24,4.33
2011-12-25,4.27
2011-12-26,4.33
2011-12-27,4.29
2011-12-28,4.3
2011-12-29,4.5
2011-12-30,4.21
2011-12-31,4.58
2012-01-01,5.0
2012-01-02,5.0
2012-01-03,5.29
2012-01-04,5.57
2012-01-05,6.65
2012-01-06,6.0
2012-01-07,6.8
2012-01-08,7.0
2012-01-09,6.3
2012-01-10,7.14
2012-01-11,7.0
2012-01-12,6.51
2012-01-13,6.6
2012-01-14,6.3
2012-01-15,7.15
2012-01-16,7.1
2012-01-17,6.0
2012-01-18,7.1
2012-01-19,6.22
2012-01-20,6.95
2012-01-21,6.77
2012-01-22,6.79
2012-01-23,6.52
2012-01-24,6.55
2012-01-25,6.31
2012-01-26,5.5
2012-01-27,5.88
2012-01-28,4.91
2012-01-29,5.5
2012-01-30,5.58
2012-01-31,5.3
2012-02-01,5.88
2012-02-02,6.28
2012-02-03,6.3
2012-02-04,5.94
2012-02-05,5.6
2012-02-06,5.6
2012-02-07,5.69
2012-02-08,5.87
2012-02-09,5.89
2012-02-10,5.88
2012-02-11,5.5
2012-02-12,5.67
2012-02-13,5.79
2012-02-14,4.89
2012-02-15,4.69
2012-02-16,4.51
2012-02-17,4.67
2012-02-18,4.23
2012-02-19,4.38
2012-02-20,4.44
2012-02-21,4.58
2012-02-22,4.51
2012-02-23,5.22
2012-02-24,4.95
2012-02-25,5.0
2012-02-26,4.98
2012-02-27,5.04
2012-02-28,4.88
2012-02-29,4.99
2012-03-01,5.0
2012-03-02,4.79
2012-03-03,4.65
2012-03-04,4.81
2012-03-05,5.06
2012-03-06,4.98
2012-03-07,4.93
2012-03-08,5.01
2012-03-09,4.93
2012-03-10,4.94
2012-03-11,5.0
2012-03-12,4.99
2012-03-13,5.3
2012-03-14,5.27
2012-03-15,5.39
2012-03-16,5.26
2012-03-17,5.42
2012-03-18,5.25
2012-03-19,4.83
2012-03-20,4.79
2012-03-21,4.96
2012-03-22,4.91
2012-03-23,4.78
2012-03-24,4.83
2012-03-25,4.54
2012-03-26,4.73
2012-03-27,4.84
2012-03-28,4.93
2012-03-29,4.84
2012-03-30,4.88
2012-03-31,4.9
2012-04-01,4.89
2012-04-02,5.04
2012-04-03,4.99
2012-04-04,5.01
2012-04-05,5.0
2012-04-06,4.99
2012-04-07,4.7
2012-04-08,4.76
2012-04-09,4.75
2012-04-10,4.8
2012-04-11,4.92
2012-04-12,4.93
2012-04-13,4.93
2012-04-14,4.96
2012-04-15,4.99
2012-04-16,4.98
2012-04-17,4.98
2012-04-18,5.16
2012-04-19,5.13
2012-04-20,5.38
2012-04-21,5.24
2012-04-22,5.17
2012-04-23,5.0
2012-04-24,5.08
2012-04-25,5.14
2012-04-26,4.98
2012-04-27,5.04
2012-04-28,4.91
2012-04-29,4.91
2012-04-30,5.0
2012-05-01,4.97
2012-05-02,5.06
2012-05-03,5.1
2012-05-04,5.07
2012-05-05,5.04
2012-05-06,5.08
2012-05-07,5.05
2012-05-08,5.02
2012-05-09,5.02
2012-05-10,4.87
2012-05-11,4.95
2012-05-12,4.91
2012-05-13,4.94
2012-05-14,4.93
2012-05-15,4.95
2012-05-16,5.04
2012-05-17,5.02
2012-05-18,5.07
2012-05-19,5.07
2012-05-20,5.03
2012-05-21,5.08
2012-05-22,5.03
2012-05-23,5.1
2012-05-24,5.12
2012-05-25,5.08
2012-05-26,5.07
2012-05-27,5.07
2012-05-28,5.07
2012-05-29,5.11
2012-05-30,5.14
2012-05-31,5.17
2012-06-01,5.22
2012-06-02,5.19
2012-06-03,5.19
2012-06-04,5.22
2012-06-05,5.37
2012-06-06,5.41
2012-06-07,5.53
2012-06-08,5.61
2012-06-09,5.48
2012-06-10,5.42
2012-06-11,5.52
2012-06-12,5.71
2012-06-13,5.86
2012-06-14,5.9
2012-06-15,6.42
2012-06-16,6.41
2012-06-17,6.19
2012-06-18,6.06
2012-06-19,6.46
2012-06-20,6.64
2012-06-21,6.64
2012-06-22,6.59
2012-06-23,6.45
2012-06-24,6.4
2012-06-25,6.26
2012-06-26,6.41
2012-06-27,6.49
2012-06-28,6.5
2012-06-29,6.52
2012-06-30,6.61
2012-07-01,6.52
2012-07-02,6.61
2012-07-03,6.44
2012-07-04,6.44
2012-07-05,6.6
2012-07-06,6.59
2012-07-07,6.79
2012-07-08,6.73
2012-07-09,6.94
2012-07-10,7.08
2012-07-11,7.14
2012-07-12,7.59
2012-07-13,7.59
2012-07-14,7.55
2012-07-15,7.57
2012-07-16,8.3
2012-07-17,8.55
2012-07-18,9.0
2012-07-19,8.76
2012-07-20,8.44
2012-07-21,8.74
2012-07-22,8.42
2012-07-23,8.59
2012-07-24,8.61
2012-07-25,8.64
2012-07-26,8.75
2012-07-27,8.83
2012-07-28,8.88
2012-07-29,8.71
2012-07-30,9.0
2012-07-31,9.28
2012-08-01,9.45
2012-08-02,10.44
2012-08-03,10.79
2012-08-04,10.51
2012-08-05,10.71
2012-08-06,10.84
2012-08-07,10.75
2012-08-08,10.99
2012-08-09,11.0
2012-08-10,11.32
2012-08-11,11.38
2012-08-12,11.49
2012-08-13,11.89
2012-08-14,12.25
2012-08-15,13.01
2012-08-16,13.42
2012-08-17,12.5
2012-08-18,11.54
2012-08-19,8.06
2012-08-20,10.05
2012-08-21,10.18
2012-08-22,9.96
2012-08-23,10.02
2012-08-24,10.37
2012-08-25,10.57
2012-08-26,10.31
2012-08-27,10.78
2012-08-28,11.0
2012-08-29,10.78
2012-08-30,10.65
2012-08-31,10.16
2012-09-01,9.91
2012-09-02,10.18
2012-09-03,10.55
2012-09-04,10.36
2012-09-05,10.99
2012-09-06,11.02
2012-09-07,11.03
2012-09-08,10.97
2012-09-09,10.98
2012-09-10,10.95
2012-09-11,11.04
2012-09-12,11.14
2012-09-13,11.3
2012-09-14,11.5
2012-09-15,11.63
2012-09-16,11.75
2012-09-17,11.85
2012-09-18,11.91
2012-09-19,12.32
2012-09-20,12.28
2012-09-21,12.19
2012-09-22,11.97
2012-09-23,11.99
2012-09-24,11.9
2012-09-25,11.75
2012-09-26,12.2
2012-09-27,12.22
2012-09-28,12.28
2012-09-29,12.28
2012-09-30,12.22
2012-10-01,12.14
2012-10-02,12.64
2012-10-03,12.9
2012-10-04,12.57
2012-10-05,12.5
2012-10-06,12.39
2012-10-07,11.71
2012-10-08,11.62
2012-10-09,11.99
2012-10-10,12.24
2012-10-11,12.09
2012-10-12,11.9
2012-10-13,11.85
2012-10-14,11.79
2012-10-15,11.66
2012-10-16,11.92
2012-10-17,11.88
2012-10-18,11.8
2012-10-19,11.67
2012-10-20,11.6
2012-10-21,11.32
2012-10-22,11.49
2012-10-23,11.58
2012-10-24,11.4
2012-10-25,10.55
2012-10-26,10.0
2012-10-27,10.43
2012-10-28,10.54
2012-10-29,10.8
2012-10-30,10.8
2012-10-31,11.0
2012-11-01,10.85
2012-11-02,10.67
2012-11-03,10.66
2012-11-04,10.64
2012-11-05,10.78
2012-11-06,10.74
2012-11-07,10.8
2012-11-08,10.81
2012-11-09,10.8
2012-11-10,10.81
2012-11-11,10.82
2012-11-12,10.87
2012-11-13,10.87
2012-11-14,10.97
2012-11-15,11.05
2012-11-16,11.46
2012-11-17,11.57
2012-11-18,11.51
2012-11-19,11.65
2012-11-20,11.65
2012-11-21,11.67
2012-11-22,11.88
2012-11-23,12.16
2012-11-24,12.25
2012-11-25,12.31
2012-11-26,12.2
2012-11-27,12.07
2012-11-28,12.22
2012-11-29,12.37
2012-11-30,12.43
2012-12-01,12.34
2012-12-02,12.42
2012-12-03,12.6
2012-12-04,12.59
2012-12-05,13.2
2012-12-06,13.45
2012-12-07,13.37
2012-12-08,13.36
2012-12-09,13.29
2012-12-10,13.3
2012-12-11,13.35
2012-12-12,13.49
2012-12-13,13.52
2012-12-14,13.51
2012-12-15,13.38
2012-12-16,13.27
2012-12-17,13.2
2012-12-18,13.13
2012-12-19,13.4
2012-12-20,13.35
2012-12-21,13.2
2012-12-22,13.2
2012-12-23,13.14
2012-12-24,13.23
2012-12-25,13.24
2012-12-26,13.18
2012-12-27,13.2
2012-12-28,13.18
2012-12-29,13.22
2012-12-30,13.2
2012-12-31,13.24
2013-01-01,13.22
2013-01-02,13.09
2013-01-03,13.19
2013-01-04,13.19
2013-01-05,13.15
2013-01-06,13.15
2013-01-07,13.2
2013-01-08,13.5
2013-01-09,13.58
2013-01-10,14.0
2013-01-11,14.0
2013-01-12,13.89
2013-01-13,13.64
2013-01-14,14.1
2013-01-15,14.2
2013-01-16,14.53
2013-01-17,15.36
2013-01-18,15.57
2013-01-19,15.38
2013-01-20,15.5
2013-01-21,16.52
2013-01-22,17.35
2013-01-23,17.5
2013-01-24,17.29
2013-01-25,17.49
2013-01-26,17.49
2013-01-27,17.6
2013-01-28,18.67
2013-01-29,19.35
2013-01-30,19.45
2013-01-31,20.46
2013-02-01,20.35
2013-02-02,19.82
2013-02-03,20.29
2013-02-04,20.3
2013-02-05,20.5
2013-02-06,20.91
2013-02-07,21.71
2013-02-08,22.4
2013-02-09,23.14
2013-02-10,23.7
2013-02-11,23.94
2013-02-12,25.47
2013-02-13,25.0
2013-02-14,27.4
2013-02-15,27.0
2013-02-16,27.5
2013-02-17,26.98
2013-02-18,26.92
2013-02-19,29.39
2013-02-20,30.0
2013-02-21,30.0
2013-02-22,30.4
2013-02-23,29.54
2013-02-24,29.78
2013-02-25,30.43
2013-02-26,31.1
2013-02-27,31.31
2013-02-28,33.53
2013-03-01,34.55
2013-03-02,34.16
2013-03-03,34.33
2013-03-04,36.52
2013-03-05,40.75
2013-03-06,42.32
2013-03-07,41.68
2013-03-08,43.76
2013-03-09,46.0
2013-03-10,45.29
2013-03-11,48.25
2013-03-12,44.84
2013-03-13,46.99
2013-03-14,46.95
2013-03-15,46.9
2013-03-16,46.74
2013-03-17,47.24
2013-03-18,50.35
2013-03-19,59.41
2013-03-20,64.2
2013-03-21,72.23
2013-03-22,69.9
2013-03-23,63.9
2013-03-24,70.22
2013-03-25,75.11
2013-03-26,79.81
2013-03-27,89.3
2013-03-28,88.52
2013-03-29,90.0
2013-03-30,92.11
2013-03-31,96.15
2013-04-01,104.7
2013-04-02,116.0
2013-04-03,133.78
2013-04-04,135.0
2013-04-05,141.8
2013-04-06,141.0
2013-04-07,164.97
2013-04-08,185.6
2013-04-09,229.0
2013-04-10,162.0
2013-04-11,83.4
2013-04-12,109.9
2013-04-13,91.64
2013-04-14,91.11
2013-04-15,74.0
2013-04-16,68.09
2013-04-17,89.98
2013-04-18,109.3
2013-04-19,117.71
2013-04-20,126.55
2013-04-21,118.81
2013-04-22,123.74
2013-04-23,137.29
2013-04-24,149.0
2013-04-25,141.9
2013-04-26,137.3
2013-04-27,128.8
2013-04-28,135.28
2013-04-29,143.31
2013-04-30,139.88
2013-05-01,116.75
2013-05-02,106.81
2013-05-03,98.08
2013-05-04,112.62
2013-05-05,116.57
2013-05-06,112.71
2013-05-07,110.0
2013-05-08,113.16
2013-05-09,111.96
2013-05-10,117.9
2013-05-11,115.04
2013-05-12,114.5
2013-05-13,115.99
2013-05-14,107.0
2013-05-15,108.95
2013-05-16,113.35
2013-05-17,116.73
2013-05-18,118.49
2013-05-19,116.38
2013-05-20,116.55
2013-05-21,117.5
2013-05-22,119.11
2013-05-23,123.84
2013-05-24,128.7
2013-05-25,128.97
2013-05-26,129.5
2013-05-27,126.25
2013-05-28,125.92
2013-05-29,130.35
2013-05-30,126.81
2013-05-31,127.91
2013-06-01,128.77
2013-06-02,123.0
2013-06-03,123.22
2013-06-04,120.57
2013-06-05,121.2
2013-06-06,118.78
2013-06-07,110.18
2013-06-08,109.11
2013-06-09,100.17
2013-06-10,104.22
2013-06-11,107.36
2013-06-12,106.56
2013-06-13,102.0
2013-06-14,99.01
2013-06-15,99.42
2013-06-16,99.37
2013-06-17,100.0
2013-06-18,104.5
2013-06-19,105.24
2013-06-20,102.61
2013-06-21,101.8
2013-06-22,100.0
2013-06-23,100.41
2013-06-24,99.47
2013-06-25,97.87
2013-06-26,98.77
2013-06-27,96.31
2013-06-28,89.96
2013-06-29,88.98
2013-06-30,89.53
2013-07-01,84.5
2013-07-02,88.0
2013-07-03,77.01
2013-07-04,79.4
2013-07-05,66.93
2013-07-06,66.34
2013-07-07,73.96
2013-07-08,74.4
2013-07-09,75.01
2013-07-10,86.19
2013-07-11,87.13
2013-07-12,90.17
2013-07-13,91.67
2013-07-14,90.03
2013-07-15,93.78
2013-07-16,91.55
2013-07-17,90.97
2013-07-18,85.28
2013-07-19,86.51
2013-07-20,85.04
2013-07-21,85.93
2013-07-22,85.6
2013-07-23,86.98
2013-07-24,88.42
2013-07-25,90.16
2013-07-26,89.95
2013-07-27,88.16
2013-07-28,92.71
2013-07-29,93.39
2013-07-30,96.57
2013-07-31,98.28
2013-08-01,96.62
2013-08-02,95.85
2013-08-03,95.55
2013-08-04,96.38
2013-08-05,97.81
2013-08-06,97.69
2013-08-07,97.09
2013-08-08,94.27
2013-08-09,92.27
2013-08-10,93.51
2013-08-11,94.09
2013-08-12,95.35
2013-08-13,98.15
2013-08-14,99.19
2013-08-15,98.08
2013-08-16,98.25
2013-08-17,99.71
2013-08-18,99.3
2013-08-19,102.85
2013-08-20,104.87
2013-08-21,110.43
2013-08-22,109.12
2013-08-23,107.65
2013-08-24,109.15
2013-08-25,112.26
2013-08-26,108.86500000000001
2013-08-27,58.875
2013-08-28,58.955
2013-08-29,59.25
2013-08-30,62.43
2013-08-31,64.0
2013-09-01,65.33
2013-09-02,65.075
2013-09-03,64.59
2013-09-04,61.405
2013-09-05,61.25
2013-09-06,58.835
2013-09-07,59.965
2013-09-08,59.17
2013-09-09,60.84
2013-09-10,61.035
2013-09-11,63.775
2013-09-12,63.19
2013-09-13,63.855
2013-09-14,62.245
2013-09-15,62.68
2013-09-16,63.135
2013-09-17,63.46
2013-09-18,63.5
2013-09-19,62.09
2013-09-20,61.455
2013-09-21,61.695
2013-09-22,61.635
2013-09-23,61.315
2013-09-24,61.93
2013-09-25,61.625
2013-09-26,62.42
2013-09-27,63.475
2013-09-28,63.27
2013-09-29,63.505
2013-09-30,63.125
2013-10-01,63.665
2013-10-02,51.925
2013-10-03,58.815
2013-10-04,60.97
2013-10-05,60.6
2013-10-06,61.245
2013-10-07,61.75
2013-10-08,62.065
2013-10-09,62.95
2013-10-10,63.4
2013-10-11,63.69
2013-10-12,63.99
2013-10-13,66.41
2013-10-14,67.71
2013-10-15,71.38
2013-10-16,68.78
2013-10-17,71.97
2013-10-18,76.445
2013-10-19,83.0
2013-10-20,83.295
2013-10-21,90.065
2013-10-22,94.875
2013-10-23,101.98
2013-10-24,96.935
2013-10-25,93.3
2013-10-26,89.78
2013-10-27,97.0
2013-10-28,98.31
2013-10-29,102.345
2013-10-30,98.77
2013-10-31,101.77
2013-11-01,101.075
2013-11-02,102.43
2013-11-03,105.0
2013-11-04,220.41500000000002
2013-11-05,121.45
2013-11-06,131.62
2013-11-07,283.05
2013-11-08,167.0
2013-11-09,170.62
2013-11-10,161.5
2013-11-11,341.23825
2013-11-12,352.5582
2013-11-13,390.61400000000003
2013-11-14,417.475
2013-11-15,406.0
2013-11-16,434.8995
2013-11-17,475.32685000000004
2013-11-18,627.085
2013-11-19,567.505
2013-11-20,574.5
2013-11-21,710.0
2013-11-22,777.5
2013-11-23,835.6765499999999
2013-11-24,806.88505
2013-11-25,800.3242
2013-11-26,882.93635
2013-11-27,955.99
2013-11-28,1011.49
2013-11-29,1119.7516500000002
2013-11-30,1115.9373
2013-12-01,955.0
2013-12-02,1022.7708
2013-12-03,1051.48755
2013-12-04,1138.505
2013-12-05,1027.2246
2013-12-06,843.73665
2013-12-07,746.9374499999999
2013-12-08,758.5
2013-12-09,917.84555
2013-12-10,1001.115
2013-12-11,900.4094
2013-12-12,885.8732500000001
2013-12-13,899.26625
2013-12-14,874.36455
2013-12-15,863.4326
2013-12-16,697.8858
2013-12-17,702.7818500000001
2013-12-18,535.6885
2013-12-19,693.515
2013-12-20,604.5
2013-12-21,601.35745
2013-12-22,617.37775
2013-12-23,647.565
2013-12-24,650.1622500000001
2013-12-25,339.505
2013-12-26,743.5
2013-12-27,719.9833000000001
2013-12-28,708.0
2013-12-29,721.1451
2013-12-30,736.8746
2013-12-31,729.8534500000001
2014-01-01,747.6022
2014-01-02,779.595
2014-01-03,810.72515
2014-01-04,815.314
2014-01-05,904.5
2014-01-06,926.895
2014-01-07,795.3333333333334
2014-01-08,825.65679
2014-01-09,838.8764466666667
2014-01-10,848.2295866666667
2014-01-11,897.77075
2014-01-12,864.0500000000001
2014-01-13,825.4665
2014-01-14,824.6149666666666
2014-01-15,843.6240466666667
2014-01-16,821.7902566666667
2014-01-17,796.7333333333332
2014-01-18,809.8366666666667
2014-01-19,835.69
2014-01-20,831.0454633333334
2014-01-21,821.2999999999998
2014-01-22,819.0299966666666
2014-01-23,819.6994566666666
2014-01-24,788.2952833333334
2014-01-25,809.6066666666666
2014-01-26,817.0405300000001
2014-01-27,764.0785
2014-01-28,799.6633333333333
2014-01-29,796.4033333333333
2014-01-30,803.9792333333334
2014-01-31,805.0634566666668
2014-02-01,817.6266
2014-02-02,543.2847700000001
2014-02-03,812.7599999999999
2014-02-04,806.13
2014-02-05,791.9433333333333
2014-02-06,767.7173466666667
2014-02-07,713.0440199999999
2014-02-08,689.9308500000001
2014-02-09,695.4566666666666
2014-02-10,694.7772
2014-02-11,682.8444366666668
2014-02-12,669.2186333333333
2014-02-13,620.7704733333334
2014-02-14,673.77988
2014-02-15,656.1655666666667
2014-02-16,617.91037
2014-02-17,645.2038666666666
2014-02-18,630.7400333333334
2014-02-19,627.8605966666668
2014-02-20,567.2942066666668
2014-02-21,573.8747999999999
2014-02-22,605.3800266666667
2014-02-23,615.3233333333334
2014-02-24,556.6402333333334
2014-02-25,528.5327699999999
2014-02-26,584.83711
2014-02-27,586.1620966666667
2014-02-28,563.6103966666666
2014-03-01,570.2297333333333
2014-03-02,568.2866666666667
2014-03-03,667.5445
2014-03-04,673.8666666666667
2014-03-05,675.3266666666667
2014-03-06,666.4247100000001
2014-03-07,629.9968266666666
2014-03-08,623.3814333333333
2014-03-09,636.3116333333334
2014-03-10,628.8218999999999
2014-03-11,629.3666666666667
2014-03-12,639.08698
2014-03-13,645.4658599999999
2014-03-14,630.5531833333333
2014-03-15,641.6266666666667
2014-03-16,640.65
2014-03-17,627.72376
2014-03-18,616.7176933333334
2014-03-19,614.0873333333334
2014-03-20,587.1533333333333
2014-03-21,576.2666666666667
2014-03-22,565.8697266666667
2014-03-23,565.24507
2014-03-24,587.1300833333333
2014-03-25,583.26
2014-03-26,587.1917
2014-03-27,495.4396
2014-03-28,505.3103566666667
2014-03-29,499.6333333333334
2014-03-30,462.19200333333333
2014-03-31,456.40530999999993
2014-04-01,483.6033333333333
2014-04-02,441.98499999999996
2014-04-03,453.8866666666666
2014-04-04,453.67716
2014-04-05,464.48333333333335
2014-04-06,457.25942333333336
2014-04-07,454.4631533333333
2014-04-08,453.73156333333327
2014-04-09,445.72951000000006
2014-04-10,368.30116666666663
2014-04-11,423.42
2014-04-12,428.8066666666667
2014-04-13,416.7699666666667
2014-04-14,456.1857866666667
2014-04-15,523.7046266666666
2014-04-16,525.2600566666666
2014-04-17,501.54929666666663
2014-04-18,486.34122666666667
2014-04-19,504.43018
2014-04-20,505.7280733333334
2014-04-21,496.7189433333333
2014-04-22,489.24147666666664
2014-04-23,492.60899666666666
2014-04-24,501.06044
2014-04-25,465.98345666666665
2014-04-26,460.56724
2014-04-27,435.48333333333335
2014-04-28,444.99821999999995
2014-04-29,442.55989
2014-04-30,448.4877266666667
2014-05-01,459.76489666666663
2014-05-02,454.3879366666667
2014-05-03,440.1917133333333
2014-05-04,436.9699966666667
2014-05-05,429.73
2014-05-06,429.95984
2014-05-07,439.96205000000003
2014-05-08,442.91724666666664
2014-05-09,449.66501
2014-05-10,453.8260133333333
2014-05-11,437.83223
2014-05-12,441.1059533333334
2014-05-13,439.0496666666666
2014-05-14,445.17333333333335
2014-05-15,445.8590133333334
2014-05-16,447.80745333333334
2014-05-17,448.28745333333336
2014-05-18,443.74
2014-05-19,295.77
2014-05-20,486.12583666666666
2014-05-21,488.80151333333333
2014-05-22,520.7633333333333
2014-05-23,518.26283
2014-05-24,520.2466633333333
2014-05-25,571.36661
2014-05-26,580.02663
2014-05-27,572.7451233333333
2014-05-28,577.8341066666667
2014-05-29,571.9506
2014-05-30,622.0267333333333
2014-05-31,630.8118333333333
2014-06-01,635.48582
2014-06-02,663.5733333333334
2014-06-03,674.81646
2014-06-04,647.7855800000001
2014-06-05,660.58
2014-06-06,651.8542233333333
2014-06-07,659.9766666666667
2014-06-08,658.9292433333334
2014-06-09,648.6660033333333
2014-06-10,649.6932866666667
2014-06-11,625.1981766666667
2014-06-12,576.7483533333334
2014-06-13,588.0912866666667
2014-06-14,562.0436666666667
2014-06-15,584.9772566666667
2014-06-16,588.0156666666666
2014-06-17,609.9013333333334
2014-06-18,608.1297066666667
2014-06-19,597.1102066666667
2014-06-20,594.3076933333333
2014-06-21,594.4958
2014-06-22,601.4595499999999
2014-06-23,590.63051
2014-06-24,582.0179066666667
2014-06-25,564.2983333333333
2014-06-26,577.9401499999999
2014-06-27,601.2875533333334
2014-06-28,593.2909366666667
2014-06-29,597.76795
2014-06-30,639.3733333333333
2014-07-01,643.0066666666667
2014-07-02,648.3265766666667
2014-07-03,645.7111166666667
2014-07-04,632.1641766666667
2014-07-05,629.66244
2014-07-06,630.9726700000001
2014-07-07,624.0261966666667
2014-07-08,619.83901
2014-07-09,623.3687866666667
2014-07-10,613.7809966666666
2014-07-11,629.9853666666667
2014-07-12,634.4938599999999
2014-07-13,627.12695
2014-07-14,623.2678099999999
2014-07-15,621.26566
2014-07-16,621.04133
2014-07-17,624.92663
2014-07-18,628.6863333333333
2014-07-19,627.96
2014-07-20,621.6366666666667
2014-07-21,624.0962499999999
2014-07-22,616.5127266666667
2014-07-23,618.94382
2014-07-24,602.5354866666667
2014-07-25,599.0040566666667
2014-07-26,596.7433333333333
2014-07-27,593.6
2014-07-28,588.2704133333333
2014-07-29,581.38634
2014-07-30,560.5304033333333
2014-07-31,583.7489333333333
2014-08-01,596.5066666666667
2014-08-02,589.2755666666667
2014-08-03,583.2754299999999
2014-08-04,588.6184400000001
2014-08-05,578.5700633333333
2014-08-06,386.21999999999997
2014-08-07,582.8911800000001
2014-08-08,588.1433333333333
2014-08-09,587.09
2014-08-10,584.7338766666667
2014-08-11,573.0819766666667
2014-08-12,570.8959033333334
2014-08-13,544.2968533333333
2014-08-14,513.91624
2014-08-15,512.1599966666666
2014-08-16,517.5533333333333
2014-08-17,499.3933333333334
2014-08-18,469.47333333333336
2014-08-19,485.43333666666666
2014-08-20,521.1233333333333
2014-08-21,513.3833333333333
2014-08-22,520.05795
2014-08-23,507.38332999999994
2014-08-24,513.34333
2014-08-25,507.47914
2014-08-26,340.2033333333333
2014-08-27,515.9045266666667
2014-08-28,502.94425
2014-08-29,513.8984766666666
2014-08-30,508.03867666666673
2014-08-31,490.79765333333336
2014-09-01,483.46000000000004
2014-09-02,492.01979666666665
2014-09-03,316.31
2014-09-04,483.8788366666667
2014-09-05,318.41333333333336
2014-09-06,495.28999999999996
2014-09-07,478.38667000000004
2014-09-08,475.84237
2014-09-09,473.62000000000006
2014-09-10,476.3000033333333
2014-09-11,475.99666666666667
2014-09-12,315.4766666666667
2014-09-13,476.95
2014-09-14,480.66
2014-09-15,468.12593666666663
2014-09-16,464.0500033333333
2014-09-17,451.28666999999996
2014-09-18,451.7871566666667
2014-09-19,389.02207
2014-09-20,401.7833366666666
2014-09-21,395.08333666666664
2014-09-22,400.85633666666666
2014-09-23,429.3700033333334
2014-09-24,425.74726000000004
2014-09-25,404.95
2014-09-26,268.84666666666664
2014-09-27,266.34
2014-09-28,380.02
2014-09-29,371.5816366666666
2014-09-30,386.08333666666664
2014-10-01,385.9533333333334
2014-10-02,372.1766733333334
2014-10-03,357.1433333333334
2014-10-04,325.66062
2014-10-05,325.3233333333333
2014-10-06,334.09171
2014-10-07,335.82534000000004
2014-10-08,358.59
2014-10-09,365.88334000000003
2014-10-10,358.6639
2014-10-11,360.14958
2014-10-12,376.7033333333334
2014-10-13,391.98333333333335
2014-10-14,404.1918166666666
2014-10-15,396.0963766666667
2014-10-16,384.12788333333333
2014-10-17,381.6368333333333
2014-10-18,392.1239766666666
2014-10-19,257.9266666666667
2014-10-20,384.4772533333333
2014-10-21,386.7441366666667
2014-10-22,383.56844
2014-10-23,360.59985000000006
2014-10-24,362.7860633333333
2014-10-25,351.87057333333337
2014-10-26,355.89000000000004
2014-10-27,354.98333333333335
2014-10-28,358.39507
2014-10-29,334.65521666666666
2014-10-30,345.3369466666666
2014-10-31,340.98
2014-11-01,323.9600033333333
2014-11-02,323.59986333333336
2014-11-03,324.68666666666667
2014-11-04,327.37333333333333
2014-11-05,334.7115566666667
2014-11-06,348.83
2014-11-07,343.5795633333334
2014-11-08,346.79227
2014-11-09,358.25666666666666
2014-11-10,363.1333333333334
2014-11-11,369.78222999999997
2014-11-12,422.6606733333333
2014-11-13,418.45000333333337
2014-11-14,398.0156666666667
2014-11-15,377.83
2014-11-16,386.0233333333333
2014-11-17,391.75
2014-11-18,373.30148333333335
2014-11-19,382.72933000000006
2014-11-20,355.5773133333334
2014-11-21,353.51
2014-11-22,356.4899966666667
2014-11-23,365.91333333333336
2014-11-24,373.71370333333334
2014-11-25,376.3966666666667
2014-11-26,369.74756
2014-11-27,372.1502366666667
2014-11-28,379.8086666666666
2014-11-29,376.35506333333336
2014-11-30,380.01752333333326
2014-12-01,376.05198
2014-12-02,378.8757
2014-12-03,377.022
2014-12-04,373.05743
2014-12-05,376.52629666666667
2014-12-06,373.7166666666667
2014-12-07,374.9213333333333
2014-12-08,366.86962666666665
2014-12-09,350.45504666666665
2014-12-10,345.89537666666666
2014-12-11,357.02073
2014-12-12,355.02666666666664
2014-12-13,351.51666666666665
2014-12-14,353.06333333333333
2014-12-15,346.0752666666667
2014-12-16,329.9166666666667
2014-12-17,323.39386333333334
2014-12-18,310.64587
2014-12-19,328.0181
2014-12-20,330.6199966666667
2014-12-21,320.74333333333334
2014-12-22,329.21398999999997
2014-12-23,336.19246000000004
2014-12-24,322.07679
2014-12-25,212.95333333333335
2014-12-26,325.7464033333333
2014-12-27,317.1266666666667
2014-12-28,316.06005666666664
2014-12-29,313.23000333333334
2014-12-30,310.9533333333333
2014-12-31,319.0459333333333
2015-01-01,317.55234333333334
2015-01-02,315.27801
2015-01-03,281.83185333333336
2015-01-04,262.8830233333333
2015-01-05,274.82336000000004
2015-01-06,188.84704333333335
2015-01-07,198.99991
2015-01-08,189.72177333333335
2015-01-09,295.5950533333333
2015-01-10,276.13666666666666
2015-01-11,265.8612
2015-01-12,266.6991233333333
2015-01-13,224.28000333333333
2015-01-14,176.5233333333333
2015-01-15,215.8998
2015-01-16,209.35747666666668
2015-01-17,200.30556666666666
2015-01-18,213.8918
2015-01-19,213.51999999999998
2015-01-20,213.77293999999998
2015-01-21,225.4416666666667
2015-01-22,231.50187000000003
2015-01-23,233.22762
2015-01-24,249.5041666666667
2015-01-25,257.9866666666667
2015-01-26,272.7366666666667
2015-01-27,260.17448666666667
2015-01-28,241.21175666666667
2015-01-29,233.48325333333332
2015-01-30,225.27034333333333
2015-01-31,216.99919333333332
2015-02-01,231.02420333333336
2015-02-02,234.71926666666664
2015-02-03,230.54688666666667
2015-02-04,227.05382250000002
2015-02-05,217.29
2015-02-06,222.4452
2015-02-07,228.31331666666665
2015-02-08,225.0204666666667
2015-02-09,220.76666666666665
2015-02-10,218.65666666666667
2015-02-11,215.4666666666667
2015-02-12,223.11666333333335
2015-02-13,234.74094
2015-02-14,254.74
2015-02-15,234.30093333333332
2015-02-16,239.79918666666666
2015-02-17,245.91098
2015-02-18,236.22333666666668
2015-02-19,240.9466666666667
2015-02-20,243.25342666666666
2015-02-21,243.83677
2015-02-22,236.05666666666664
2015-02-23,238.29336666666666
2015-02-24,238.95000000000002
2015-02-25,237.52850666666666
2015-02-26,237.71169
2015-02-27,251.24741333333336
2015-02-28,252.38333333333333
2015-03-01,256.35447999999997
2015-03-02,273.5590066666667
2015-03-03,279.69416
2015-03-04,275.1902433333333
2015-03-05,273.72917666666666
2015-03-06,268.72335000000004
2015-03-07,273.60141
2015-03-08,273.10873999999995
2015-03-09,291.3932766666667
2015-03-10,290.3433333333333
2015-03-11,296.2091666666667
2015-03-12,293.12201999999996
2015-03-13,284.4469633333333
2015-03-14,282.1092233333333
2015-03-15,286.84
2015-03-16,291.5906566666667
2015-03-17,285.3064
2015-03-18,257.4399966666667
2015-03-19,260.2800033333333
2015-03-20,265.61544
2015-03-21,259.97750666666667
2015-03-22,268.9166666666667
2015-03-23,266.3092833333333
2015-03-24,245.82666666666668
2015-03-25,247.46936333333335
2015-03-26,250.14616666666666
2015-03-27,249.14666666666668
2015-03-28,252.42333333333332
2015-03-29,242.51612
2015-03-30,254.44986333333335
2015-03-31,244.26402666666664
2015-04-01,245.71183666666664
2015-04-02,252.26
2015-04-03,253.70968000000002
2015-04-04,252.37501999999998
2015-04-05,260.05492000000004
2015-04-06,254.87333
2015-04-07,251.98911666666666
2015-04-08,246.58897333333334
2015-04-09,245.04927999999998
2015-04-10,237.82752000000002
2015-04-11,235.02106666666668
2015-04-12,237.58326
2015-04-13,225.74509
2015-04-14,219.43320666666668
2015-04-15,221.97295
2015-04-16,229.61662333333334
2015-04-17,223.18533
2015-04-18,222.98826333333332
2015-04-19,224.29285333333334
2015-04-20,224.43583333333333
2015-04-21,235.24474
2015-04-22,233.5233333333333
2015-04-23,235.79609666666667
2015-04-24,230.6575
2015-04-25,226.83333333333334
2015-04-26,220.00250000000003
2015-04-27,227.41000333333332
2015-04-28,227.03508666666664
2015-04-29,225.60999999999999
2015-04-30,236.50249999999997
2015-05-01,231.6235333333333
2015-05-02,234.50835666666669
2015-05-03,239.90339666666668
2015-05-04,237.765
2015-05-05,235.48413333333335
2015-05-06,228.32500000000002
2015-05-07,236.40083
2015-05-08,242.50350333333336
2015-05-09,241.90135999999998
2015-05-10,239.38667999999998
2015-05-11,241.828755
2015-05-12,241.1856275
2015-05-13,236.09753999999998
2015-05-14,236.88250000000002
2015-05-15,237.8489725
2015-05-16,236.32438000000002
2015-05-17,236.179375
2015-05-18,232.96498
2015-05-19,231.94624249999998
2015-05-20,234.33087749999999
2015-05-21,235.401875
2015-05-22,238.9275
2015-05-23,237.9625475
2015-05-24,239.82250249999998
2015-05-25,236.117495
2015-05-26,236.1743725
2015-05-27,236.0424975
2015-05-28,236.420665
2015-05-29,235.85541999999998
2015-05-30,232.5658275
2015-05-31,228.7674075
2015-06-01,223.88476999999997
2015-06-02,226.2193375
2015-06-03,225.5325
2015-06-04,223.39624750000002
2015-06-05,224.57874249999998
2015-06-06,224.66032
2015-06-07,223.3138225
2015-06-08,228.5643725
2015-06-09,229.55432
2015-06-10,228.06813499999998
2015-06-11,229.125625
2015-06-12,229.4381325
2015-06-13,232.03755
2015-06-14,232.57125
2015-06-15,236.1362525
2015-06-16,250.624375
2015-06-17,247.90124999999998
2015-06-18,248.5625
2015-06-19,245.005
2015-06-20,244.9507025
2015-06-21,243.14249999999998
2015-06-22,247.0211425
2015-06-23,243.930525
2015-06-24,240.3877225
2015-06-25,241.944735
2015-06-26,242.6225
2015-06-27,251.264375
2015-06-28,248.51
2015-06-29,259.646975
2015-06-30,263.01165
2015-07-01,258.1434
2015-07-02,254.70654249999998
2015-07-03,255.95986
2015-07-04,260.83725
2015-07-05,270.8459925
2015-07-06,270.46735
2015-07-07,265.655
2015-07-08,270.40007749999995
2015-07-09,270.06743750000004
2015-07-10,285.3175
2015-07-11,292.6174975
2015-07-12,310.669375
2015-07-13,291.70275
2015-07-14,287.9220225
2015-07-15,286.059985
2015-07-16,278.1273475
2015-07-17,279.7075
2015-07-18,276.925
2015-07-19,275.05
2015-07-20,278.87852
2015-07-21,276.7125
2015-07-22,277.30375000000004
2015-07-23,276.775
2015-07-24,288.9252225
2015-07-25,288.8165325
2015-07-26,292.451235
2015-07-27,294.49539749999997
2015-07-28,294.652505
2015-07-29,290.4556475
2015-07-30,288.1875
2015-07-31,286.87994249999997
2015-08-01,281.29185
2015-08-02,282.62282500000003
2015-08-03,281.6200425
2015-08-04,285.8271525
2015-08-05,281.6375025
2015-08-06,278.58491000000004
2015-08-07,280.0088525
2015-08-08,262.49
2015-08-09,267.1123175
2015-08-10,265.2693825
2015-08-11,271.03999999999996
2015-08-12,267.24885
2015-08-13,264.6149975
2015-08-14,266.2575
2015-08-15,262.6475
2015-08-16,258.394855
2015-08-17,257.417275
2015-08-18,219.9481925
2015-08-19,227.70100000000002
2015-08-20,235.868525
2015-08-21,233.393735
2015-08-22,231.1875775
2015-08-23,228.8276025
2015-08-24,211.0352425
2015-08-25,223.22109749999998
2015-08-26,226.26287250000001
2015-08-27,225.43525
2015-08-28,231.76790000000003
2015-08-29,230.46433
2015-08-30,229.0834425
2015-08-31,230.3525
2015-09-01,228.2675
2015-09-02,229.65999999999997
2015-09-03,227.0897
2015-09-04,230.9075
2015-09-05,235.52022499999998
2015-09-06,240.83499750000001
2015-09-07,240.65999999999997
2015-09-08,243.85442500000002
2015-09-09,238.625
2015-09-10,238.55327499999999
2015-09-11,240.7447125
2015-09-12,235.51999999999998
2015-09-13,230.215
2015-09-14,230.4434
2015-09-15,230.38853
2015-09-16,229.02869249999998
2015-09-17,232.8975
2015-09-18,233.13945
2015-09-19,231.3825
2015-09-20,231.115
2015-09-21,226.84025000000003
2015-09-22,230.305
2015-09-23,230.01
2015-09-24,233.85809999999998
2015-09-25,235.625
2015-09-26,234.0675
2015-09-27,232.3375
2015-09-28,239.29450000000003
2015-09-29,237.1624075
2015-09-30,236.425
2015-10-01,237.7625
2015-10-02,237.5622075
2015-10-03,239.2625
2015-10-04,239.09176000000002
2015-10-05,240.4350025
2015-10-06,246.065
2015-10-07,242.9822225
2015-10-08,242.91250000000002
2015-10-09,243.79378749999998
2015-10-10,245.74500999999998
2015-10-11,247.46752
2015-10-12,245.9751575
2015-10-13,250.04000000000002
2015-10-14,253.01950000000002
2015-10-15,254.42217499999998
2015-10-16,261.8825
2015-10-17,271.25
2015-10-18,259.9
2015-10-19,264.4675075
2015-10-20,270.645
2015-10-21,267.8082825
2015-10-22,275.0874975
2015-10-23,278.14545
2015-10-24,283.37877000000003
2015-10-25,283.84250000000003
2015-10-26,286.46
2015-10-27,294.59677500000004
2015-10-28,303.0575
2015-10-29,314.3378025
2015-10-30,327.9175
2015-10-31,310.9826
2015-11-01,325.9975
2015-11-02,361.91749500000003
2015-11-03,402.56999750000006
2015-11-04,408.79564500000004
2015-11-05,384.6625
2015-11-06,371.41999999999996
2015-11-07,384.22249999999997
2015-11-08,372.96594999999996
2015-11-09,375.6325
2015-11-10,337.39250000000004
2015-11-11,309.71500249999997
2015-11-12,336.535
2015-11-13,337.34209999999996
2015-11-14,332.610775
2015-11-15,319.2850025
2015-11-16,329.19672
2015-11-17,334.5225
2015-11-18,333.0325075
2015-11-19,326.2424975
2015-11-20,320.95250000000004
2015-11-21,325.6175
2015-11-22,323.645
2015-11-23,323.1010625
2015-11-24,321.13
2015-11-25,329.2225
2015-11-26,352.28749999999997
2015-11-27,358.255
2015-11-28,356.937495
2015-11-29,371.405
2015-11-30,377.17498249999994
2015-12-01,362.658
2015-12-02,359.04
2015-12-03,361.4595
2015-12-04,364.0061175
2015-12-05,387.73749999999995
2015-12-06,387.9837
2015-12-07,395.17749999999995
2015-12-08,417.6725
2015-12-09,417.31
2015-12-10,415.55
2015-12-11,450.50225
2015-12-12,435.02
2015-12-13,432.7
2015-12-14,443.375
2015-12-15,464.8375
2015-12-16,454.89215
2015-12-17,454.73608750000005
2015-12-18,463.5002475
2015-12-19,460.69
2015-12-20,442.2575
2015-12-21,438.6324975
2015-12-22,435.56000000000006
2015-12-23,443.0
2015-12-24,454.7905625
2015-12-25,456.18499749999995
2015-12-26,418.09499999999997
2015-12-27,423.90999999999997
2015-12-28,422.195
2015-12-29,432.26500000000004
2015-12-30,425.9146775
2015-12-31,430.6225
2016-01-01,433.65882750000003
2016-01-02,434.44
2016-01-03,429.87500250000005
2016-01-04,433.0085375
2016-01-05,432.34999999999997
2016-01-06,429.89750000000004
2016-01-07,458.118385
2016-01-08,453.875
2016-01-09,449.85249999999996
2016-01-10,449.0
2016-01-11,449.5976475
2016-01-12,435.775
2016-01-13,432.922925
2016-01-14,430.17626249999995
2016-01-15,360.60499999999996
2016-01-16,388.177
2016-01-17,380.400055
2016-01-18,386.635
2016-01-19,377.997555
2016-01-20,417.817525
2016-01-21,410.385
2016-01-22,382.5725
2016-01-23,386.424965
2016-01-24,402.01252750000003
2016-01-25,391.775
2016-01-26,392.875
2016-01-27,296.0775
2016-01-28,284.845
2016-01-29,284.00250000000005
2016-01-30,282.8025
2016-01-31,275.855
2016-02-01,278.545
2016-02-02,279.785
2016-02-03,276.6075
2016-02-04,290.875
2016-02-05,288.6225
2016-02-06,281.3125
2016-02-07,281.7575
2016-02-08,278.3225
2016-02-09,279.3775
2016-02-10,284.0075
2016-02-11,282.32
2016-02-12,287.03
2016-02-13,292.9975
2016-02-14,304.29499999999996
2016-02-15,299.3
2016-02-16,305.54
2016-02-17,311.3425
2016-02-18,315.7925
2016-02-19,315.03499999999997
2016-02-20,326.59499999999997
2016-02-21,328.69
2016-02-22,328.3075
2016-02-23,314.6975
2016-02-24,317.4325
2016-02-25,317.145
2016-02-26,323.15
2016-02-27,323.685
2016-02-28,324.1
2016-02-29,326.765
2016-03-01,324.61749999999995
2016-03-02,316.24
2016-03-03,314.6575
2016-03-04,305.6875
2016-03-05,396.40525
2016-03-06,403.19475
2016-03-07,412.16
2016-03-08,411.7925
2016-03-09,412.4325
2016-03-10,416.01
2016-03-11,419.63975
2016-03-12,409.76875
2016-03-13,411.49499999999995
2016-03-14,414.81275
2016-03-15,415.50249999999994
2016-03-16,416.6365
2016-03-17,418.803
2016-03-18,408.60025
2016-03-19,409.5975
2016-03-20,411.85225
2016-03-21,411.8345
2016-03-22,416.8175
2016-03-23,417.0175
2016-03-24,414.41499999999996
2016-03-25,415.72024999999996
2016-03-26,417.03075
2016-03-27,424.95175
2016-03-28,422.815
2016-03-29,416.0925
2016-03-30,413.073
2016-03-31,415.64250000000004
2016-04-01,417.235
2016-04-02,419.84250000000003
2016-04-03,419.69425
2016-04-04,419.59
2016-04-05,422.67
2016-04-06,421.9625
2016-04-07,421.40000000000003
2016-04-08,418.91274999999996
2016-04-09,313.94475
2016-04-10,316.06
2016-04-11,317.53999999999996
2016-04-12,320.0125
2016-04-13,318.262
2016-04-14,425.08475000000004
2016-04-15,429.5925
2016-04-16,430.50225
2016-04-17,428.08250000000004
2016-04-18,428.7375
2016-04-19,436.26175
2016-04-20,441.72374999999994
2016-04-21,451.067
2016-04-22,447.92474999999996
2016-04-23,452.08025000000004
2016-04-24,460.245
2016-04-25,463.353
2016-04-26,468.36
2016-04-27,444.935
2016-04-28,449.9275
2016-04-29,457.29499999999996
2016-04-30,450.2915
2016-05-01,453.61300000000006
2016-05-02,444.95125
2016-05-03,451.3925
2016-05-04,447.62524999999994
2016-05-05,448.93
2016-05-06,461.00775
2016-05-07,459.5625
2016-05-08,459.8425
2016-05-09,461.945
2016-05-10,451.91999999999996
2016-05-11,452.995
2016-05-12,455.5325
2016-05-13,456.14275
2016-05-14,455.95275000000004
2016-05-15,458.21225000000004
2016-05-16,454.05975
2016-05-17,453.35074999999995
2016-05-18,453.48249999999996
2016-05-19,435.14250000000004
2016-05-20,441.65625
2016-05-21,442.76275
2016-05-22,439.2725
2016-05-23,443.7875
2016-05-24,445.124
2016-05-25,449.3525
2016-05-26,453.22974999999997
2016-05-27,472.03024999999997
2016-05-28,521.355
2016-05-29,520.3305
2016-05-30,530.195
2016-05-31,531.4825000000001
2016-06-01,535.83875
2016-06-02,537.843
2016-06-03,569.975
2016-06-04,574.05175
2016-06-05,574.406
2016-06-06,585.12
2016-06-07,578.19
2016-06-08,581.1075000000001
2016-06-09,576.1610000000001
2016-06-10,579.0225
2016-06-11,610.63275
2016-06-12,671.9132500000001
2016-06-13,705.05475
2016-06-14,685.4200000000001
2016-06-15,696.4449999999999
2016-06-16,766.642
2016-06-17,749.1375
2016-06-18,756.4025
2016-06-19,763.9200000000001
2016-06-20,723.4699999999999
2016-06-21,667.16625
2016-06-22,603.4965
2016-06-23,626.55375
2016-06-24,667.45825
2016-06-25,668.05325
2016-06-26,632.3399999999999
2016-06-27,659.24225
2016-06-28,647.523
2016-06-29,639.1872500000001
2016-06-30,671.236
2016-07-01,676.1325
2016-07-02,702.785
2016-07-03,659.3425
2016-07-04,679.86275
2016-07-05,669.0575
2016-07-06,676.7
2016-07-07,640.015
2016-07-08,666.5915
2016-07-09,652.1175
2016-07-10,650.3425000000001
2016-07-11,650.4925000000001
2016-07-12,664.9825
2016-07-13,655.0
2016-07-14,660.96
2016-07-15,665.2425
2016-07-16,664.1925
2016-07-17,679.1
2016-07-18,673.9375
2016-07-19,673.818
2016-07-20,666.82525
2016-07-21,665.7025
2016-07-22,651.7775
2016-07-23,656.6845
2016-07-24,661.9114999999999
2016-07-25,654.8315
2016-07-26,652.31
2016-07-27,655.81475
2016-07-28,655.5375
2016-07-29,656.3225000000001
2016-07-30,655.2375
2016-07-31,627.0925000000001
2016-08-01,605.1152500000001
2016-08-02,539.4975
2016-08-03,568.3525
2016-08-04,581.87575
2016-08-05,576.79
2016-08-06,590.6395
2016-08-07,594.38
2016-08-08,592.1327500000001
2016-08-09,585.0425
2016-08-10,592.4625
2016-08-11,587.1525
2016-08-12,587.22
2016-08-13,585.3225
2016-08-14,571.775
2016-08-15,566.99
2016-08-16,577.7
2016-08-17,573.1275
2016-08-18,573.8149999999999
2016-08-19,573.435
2016-08-20,580.8
2016-08-21,580.2525
2016-08-22,584.5225
2016-08-23,581.9449999999999
2016-08-24,579.26475
2016-08-25,576.1
2016-08-26,578.925
2016-08-27,569.675
2016-08-28,574.5382500000001
2016-08-29,573.2405
2016-08-30,576.5400000000001
2016-08-31,572.6949999999999
2016-09-01,572.0775
2016-09-02,574.6825
2016-09-03,598.125
2016-09-04,608.0049999999999
2016-09-05,606.3285000000001
2016-09-06,611.43525
2016-09-07,615.83375
2016-09-08,627.24725
2016-09-09,623.1274999999999
2016-09-10,623.18225
2016-09-11,607.234
2016-09-12,608.25925
2016-09-13,609.7372500000001
2016-09-14,610.10275
2016-09-15,607.0655
2016-09-16,607.0999999999999
2016-09-17,606.1475
2016-09-18,610.02975
2016-09-19,608.83
2016-09-20,603.2425000000001
2016-09-21,596.995
2016-09-22,595.36825
2016-09-23,602.5495000000001
2016-09-24,602.1297500000001
2016-09-25,600.182
2016-09-26,607.4525000000001
2016-09-27,605.27125
2016-09-28,604.5722499999999
2016-09-29,606.15975
2016-09-30,609.75
2016-10-01,614.3387500000001
2016-10-02,610.97675
2016-10-03,612.7495
2016-10-04,609.9300000000001
2016-10-05,612.1865
2016-10-06,612.2815
2016-10-07,617.33475
2016-10-08,618.22
2016-10-09,615.635
2016-10-10,617.8075
2016-10-11,641.20875
2016-10-12,635.645
2016-10-13,634.8757499999999
2016-10-14,639.135
2016-10-15,638.58475
2016-10-16,641.2749999999999
2016-10-17,638.549
2016-10-18,636.0325
2016-10-19,629.6925
2016-10-20,629.4475
2016-10-21,631.4599999999999
2016-10-22,654.62075
2016-10-23,650.9757500000001
2016-10-24,649.75
2016-10-25,653.92475
2016-10-26,674.8545
2016-10-27,687.062
2016-10-28,688.8825
2016-10-29,713.7625
2016-10-30,697.63925
2016-10-31,697.6972499999999
2016-11-01,730.2835000000001
2016-11-02,744.1675
2016-11-03,689.05975
2016-11-04,704.7615000000001
2016-11-05,705.7520000000001
2016-11-06,714.10425
2016-11-07,705.42875
2016-11-08,710.8575000000001
2016-11-09,721.6800000000001
2016-11-10,713.825
2016-11-11,716.76
2016-11-12,703.795
2016-11-13,702.6075
2016-11-14,706.4935
2016-11-15,711.7624999999999
2016-11-16,741.14075
2016-11-17,735.0975
2016-11-18,749.968
2016-11-19,751.1724999999999
2016-11-20,729.45425
2016-11-21,737.29
2016-11-22,748.3775
2016-11-23,741.5775
2016-11-24,737.64
2016-11-25,739.8199999999999
2016-11-26,733.4075
2016-11-27,728.8549999999999
2016-11-28,731.65
2016-11-29,731.7950000000001
2016-11-30,742.2864999999999
2016-12-01,752.96725
2016-12-02,771.0047500000001
2016-12-03,764.47875
2016-12-04,766.4975
2016-12-05,751.33725
2016-12-06,758.1257499999999
2016-12-07,764.5169999999999
2016-12-08,767.2693333333333
2016-12-09,770.4326666666667
2016-12-10,773.0633333333334
2016-12-11,769.2803333333335
2016-12-12,777.3446666666667
2016-12-13,776.3566666666666
2016-12-14,776.8563333333333
2016-12-15,776.35
2016-12-16,782.6433333333333
2016-12-17,790.1063333333333
2016-12-18,790.2669999999999
2016-12-19,790.9200000000001
2016-12-20,799.3296666666666
2016-12-21,831.1366666666667
2016-12-22,859.6533333333333
2016-12-23,915.5100000000001
2016-12-24,893.5066666666668
2016-12-25,895.163
2016-12-26,901.587
2016-12-27,931.7800000000001
2016-12-28,977.9003333333334
2016-12-29,971.9633333333335
2016-12-30,961.223
2016-12-31,967.4566666666666
2017-01-01,997.147
2017-01-02,1016.5236666666666
2017-01-03,1035.0533333333333
2017-01-04,1127.7696666666668
2017-01-05,1004.5300000000001
2017-01-06,895.041
2017-01-07,905.3966666666666
2017-01-08,914.1096666666666
2017-01-09,900.2933333333334
2017-01-10,906.7223333333335
2017-01-11,782.6313333333334
2017-01-12,807.3846666666667
2017-01-13,829.2533333333334
2017-01-14,819.6303333333334
2017-01-15,824.6496666666667
2017-01-16,832.922
2017-01-17,906.0676666666667
2017-01-18,889.337
2017-01-19,900.7933333333334
2017-01-20,896.2296666666666
2017-01-21,923.6393333333332
2017-01-22,922.9833333333332
2017-01-23,915.0593333333333
2017-01-24,886.5383333333334
2017-01-25,894.7066666666666
2017-01-26,914.9186666666666
2017-01-27,919.9663333333333
2017-01-28,918.9929999999999
2017-01-29,914.3006666666666
2017-01-30,920.61
2017-01-31,968.053
2017-02-01,986.6596666666668
2017-02-02,1008.712
2017-02-03,1016.6333333333333
2017-02-04,1031.541
2017-02-05,1013.8753333333334
2017-02-06,1025.0900000000001
2017-02-07,1051.8893333333333
2017-02-08,1053.3793333333333
2017-02-09,988.4033333333333
2017-02-10,998.8553333333334
2017-02-11,1011.558
2017-02-12,1001.2223333333335
2017-02-13,999.1803333333334
2017-02-14,1012.5906666666666
2017-02-15,1013.3966666666666
2017-02-16,1035.664
2017-02-17,1054.8716666666667
2017-02-18,1058.7930000000001
2017-02-19,1053.89
2017-02-20,1086.5600000000002
2017-02-21,1126.2459999999999
2017-02-22,1127.4596666666666
2017-02-23,1182.7766666666666
2017-02-24,1183.2033333333334
2017-02-25,1150.4113333333335
2017-02-26,1175.7966666666666
2017-02-27,1193.3403333333335
2017-02-28,1187.4666666666667
2017-03-01,1225.8500000000001
2017-03-02,1256.3
2017-03-03,1284.573
2017-03-04,1263.5586666666666
2017-03-05,1274.6613333333332
2017-03-06,1278.4966666666667
2017-03-07,1229.8423333333333
2017-03-08,1148.1923333333334
2017-03-09,1190.318
2017-03-10,1114.3933333333334
2017-03-11,1178.0063333333335
2017-03-12,1227.3496666666667
2017-03-13,1239.54
2017-03-14,1245.0583333333332
2017-03-15,1256.5266666666666
2017-03-16,1171.1933333333332
2017-03-17,1053.993333333333
2017-03-18,963.7493333333333
2017-03-19,1017.2423333333332
2017-03-20,1035.39
2017-03-21,1112.6560000000002
2017-03-22,1035.5533333333333
2017-03-23,1027.5600000000002
2017-03-24,928.2906666666667
2017-03-25,956.703
2017-03-26,951.9383333333334
2017-03-27,1039.967
2017-03-28,1043.9170000000001
2017-03-29,1039.6666666666667
2017-03-30,1037.3333333333333
2017-03-31,1076.4366666666665
2017-04-01,1088.3853333333334
2017-04-02,1095.9063333333334
2017-04-03,1146.7493333333332
2017-04-04,1142.5026666666668
2017-04-05,1135.5966666666666
2017-04-06,1191.0566666666666
2017-04-07,1191.5600000000002
2017-04-08,1183.3766666666668
2017-04-09,1209.08
2017-04-10,1210.9625
2017-04-11,1222.74475
2017-04-12,1215.3297499999999
2017-04-13,1175.5925
2017-04-14,1177.01775
2017-04-15,1176.527
2017-04-16,1175.0745000000002
2017-04-17,1189.7325
2017-04-18,1202.042
2017-04-19,1207.9475
2017-04-20,1236.46675
2017-04-21,1247.14975
2017-04-22,1238.8295
2017-04-23,1245.3575
2017-04-24,1253.9565
2017-04-25,1276.0
2017-04-26,1292.37275
2017-04-27,1338.1125
2017-04-28,1339.1200000000001
2017-04-29,1346.0815000000002
2017-04-30,1361.96925
2017-05-01,1410.7759999999998
2017-05-02,1458.7524999999998
2017-05-03,1515.88225
2017-05-04,1546.54375
2017-05-05,1534.03275
2017-05-06,1564.3255
2017-05-07,1564.5784999999998
2017-05-08,1669.34975
2017-05-09,1720.16725
2017-05-10,1783.665
2017-05-11,1833.47475
2017-05-12,1695.2745
2017-05-13,1783.83
2017-05-14,1791.5075
2017-05-15,1731.615
2017-05-16,1760.335
2017-05-17,1808.8015
2017-05-18,1891.2125
2017-05-19,1965.0607499999999
2017-05-20,2028.0034999999998
2017-05-21,2021.324
2017-05-22,2103.543
2017-05-23,2256.50925
2017-05-24,2415.1
2017-05-25,2310.3475
2017-05-26,2254.96975
2017-05-27,2059.1375
2017-05-28,2194.09075
2017-05-29,2280.46325
2017-05-30,2189.44175
2017-05-31,2299.44025
2017-06-01,2411.6825
2017-06-02,2482.3182500000003
2017-06-03,2546.2872500000003
2017-06-04,2526.57775
2017-06-05,2694.0
2017-06-06,2872.13
2017-06-07,2690.40525
2017-06-08,2807.0577499999995
2017-06-09,2814.06925
2017-06-10,2886.85225
2017-06-11,2958.77725
2017-06-12,2720.398
2017-06-13,2030.5075000000002
2017-06-14,1833.7240000000002
2017-06-15,1815.89925
2017-06-16,1858.85325
2017-06-17,1976.7957500000002
2017-06-18,1882.498
2017-06-19,1944.9595
2017-06-20,2042.545
2017-06-21,1986.3394999999998
2017-06-22,2019.6142499999999
2017-06-23,2010.9525
2017-06-24,1919.9827500000001
2017-06-25,1874.4415000000001
2017-06-26,1808.5324999999998
2017-06-27,1919.69
2017-06-28,1916.7602500000003
2017-06-29,1899.4160000000002
2017-06-30,1841.42
2017-07-01,1807.2469999999998
2017-07-02,1881.65025
2017-07-03,1909.9024999999997
2017-07-04,1949.29775
2017-07-05,1957.8117500000003
2017-07-06,1952.7177499999998
2017-07-07,1877.3845000000001
2017-07-08,1914.75675
2017-07-09,1877.5677500000002
2017-07-10,1748.4322499999998
2017-07-11,1729.5475
2017-07-12,2382.7915
2017-07-13,2339.2205
2017-07-14,2216.49925
2017-07-15,1967.9724999999999
2017-07-16,1909.1147499999997
2017-07-17,2227.9125000000004
2017-07-18,2304.6450000000004
2017-07-19,2259.912
2017-07-20,2862.098
2017-07-21,2666.8625
2017-07-22,2826.0252499999997
2017-07-23,2755.5299999999997
2017-07-24,2759.697
2017-07-25,2561.1505
2017-07-26,2525.27
2017-07-27,2667.4705
2017-07-28,2786.415
2017-07-29,2699.91725
2017-07-30,2748.4125
2017-07-31,2857.20575
2017-08-01,2732.42675
2017-08-02,2701.9674999999997
2017-08-03,2791.576
2017-08-04,2861.5845
2017-08-05,3256.0399999999995
2017-08-06,3227.3154999999997
2017-08-07,3391.4125000000004
2017-08-08,3421.4750000000004
2017-08-09,3349.9545000000003
2017-08-10,3427.47225
2017-08-11,3652.6975
2017-08-12,3870.9440000000004
2017-08-13,4063.06
2017-08-14,4326.0005
2017-08-15,4161.1775
2017-08-16,4380.24
2017-08-17,4280.8025
2017-08-18,4112.4125
2017-08-19,4146.2207499999995
2017-08-20,4062.3035000000004
2017-08-21,3996.531
2017-08-22,4075.95
2017-08-23,4137.6925
2017-08-24,4314.873
2017-08-25,4365.822249999999
2017-08-26,4342.59725
2017-08-27,4332.9975
2017-08-28,4384.452
2017-08-29,4589.26225
2017-08-30,4578.047500000001
2017-08-31,4736.9275
2017-09-01,4929.219999999999
2017-09-02,4621.645
2017-09-03,4621.655000000001
2017-09-04,4344.84
2017-09-05,4430.66
2017-09-06,4618.297500000001
2017-09-07,4629.865
2017-09-08,4345.525
2017-09-09,4323.8025
2017-09-10,4251.110000000001
2017-09-11,4211.555
2017-09-12,4167.905000000001
2017-09-13,3864.46
2017-09-14,3242.8725000000004
2017-09-15,3723.6625000000004
2017-09-16,3702.7025
2017-09-17,3699.1099999999997
2017-09-18,4097.6425
2017-09-19,3902.275
2017-09-20,3869.6275
2017-09-21,3618.675
2017-09-22,3612.2625
2017-09-23,3785.4
2017-09-24,3668.2074999999995
2017-09-25,3919.9175
2017-09-26,3884.5375
2017-09-27,4202.27
2017-09-28,4188.3775000000005
2017-09-29,4159.280000000001
2017-09-30,4334.285
2017-10-01,4385.5975
2017-10-02,4393.5175
2017-10-03,4310.9075
2017-10-04,4218.522499999999
2017-10-05,4314.3325
2017-10-06,4363.3150000000005
2017-10-07,4426.327499999999
2017-10-08,4595.8525
2017-10-09,4762.702499999999
2017-10-10,4749.245
2017-10-11,4818.65
2017-10-12,5438.2525000000005
2017-10-13,5641.1925
2017-10-14,5802.14
2017-10-15,5689.6
2017-10-16,5746.264999999999
2017-10-17,5598.7025
2017-10-18,5577.0625
2017-10-19,5704.91
2017-10-20,5986.83
2017-10-21,6023.7275
2017-10-22,5990.395
2017-10-23,5895.905
2017-10-24,5528.915
2017-10-25,5743.804999999999
2017-10-26,5890.360000000001
2017-10-27,5777.49
2017-10-28,5740.865
2017-10-29,6136.3025
2017-10-30,6123.37
2017-10-31,6439.592500000001
2017-11-01,6751.795
2017-11-02,7027.482499999999
2017-11-03,7159.5875
2017-11-04,7391.01
2017-11-05,7382.005
2017-11-06,6966.245
2017-11-07,7127.139999999999
2017-11-08,7464.7074999999995
2017-11-09,7151.922500000001
2017-11-10,6580.1775
2017-11-11,6345.725
2017-11-12,5873.2775
2017-11-13,6528.225
2017-11-14,6619.692499999999
2017-11-15,7285.14
2017-11-16,7819.490000000001
2017-11-17,7693.945000000001
2017-11-18,7778.51
2017-11-19,8022.3724999999995
2017-11-20,8237.0525
2017-11-21,8103.91
2017-11-22,8237.372500000001
2017-11-23,8015.04
2017-11-24,8198.1375
2017-11-25,8747.1225
2017-11-26,9295.18
2017-11-27,9702.945
2017-11-28,9888.5125
2017-11-29,9844.125
2017-11-30,9970.2825
2017-12-01,10870.28
2017-12-02,10900.7975
2017-12-03,11237.525
2017-12-04,11630.035
2017-12-05,11706.2575
2017-12-06,13775.794999999998
2017-12-07,16667.93
2017-12-08,16061.9625
2017-12-09,14915.8225
2017-12-10,15033.317500000001
2017-12-11,16710.26
2017-12-12,17150.735
2017-12-13,16401.8275
2017-12-14,16532.3175
2017-12-15,17598.93
2017-12-16,19388.165
2017-12-17,19075.6475
2017-12-18,18935.872499999998
2017-12-19,17683.832499999997
2017-12-20,16414.635
2017-12-21,15459.775
2017-12-22,14038.2325
2017-12-23,14729.9675
2017-12-24,14048.2975
2017-12-25,13972.265
2017-12-26,15788.432499999999
2017-12-27,15396.67
2017-12-28,14483.220000000001
2017-12-29,14448.189999999999
2017-12-30,12689.0875
2017-12-31,13899.154999999999
2018-01-01,13459.019999999999
2018-01-02,14768.285
2018-01-03,15144.122500000001
2018-01-04,15185.6575
2018-01-05,16950.4325
2018-01-06,17122.155
2018-01-07,16148.4475
2018-01-08,15001.869999999999
2018-01-09,14455.15
2018-01-10,14899.275
2018-01-11,13377.905
2018-01-12,13731.965
2018-01-13,14253.9325
2018-01-14,13658.767500000002
2018-01-15,13601.375
2018-01-16,11464.7
2018-01-17,11190.41
2018-01-18,11303.6475
2018-01-19,11546.55
2018-01-20,12788.8025
2018-01-21,11530.7975
2018-01-22,10789.1025
2018-01-23,10848.205
2018-01-24,11389.947499999998
2018-01-25,11142.877499999999
2018-01-26,11092.8475
2018-01-27,11393.6475
2018-01-28,11636.325
2018-01-29,11144.87
2018-01-30,9986.4925
2018-01-31,10122.762499999999
2018-02-01,9014.9225
2018-02-02,8803.1975
2018-02-03,9218.24
2018-02-04,8174.965
2018-02-05,6888.495
2018-02-06,7699.6775
2018-02-07,7574.355
2018-02-08,8240.46
2018-02-09,8689.6775
2018-02-10,8555.482499999998
2018-02-11,8071.129999999999
2018-02-12,8894.39
2018-02-13,8518.942500000001
2018-02-14,9487.442500000001
2018-02-15,10027.89
2018-02-16,10184.064999999999
2018-02-17,11105.4725
2018-02-18,10404.8675
2018-02-19,11160.3025
2018-02-20,11234.5
2018-02-21,10460.5775
2018-02-22,9834.385
2018-02-23,10158.225
2018-02-24,9687.5
2018-02-25,9589.465
2018-02-26,10310.9
2018-02-27,10563.65
2018-02-28,10308.1725
2018-03-01,10905.6
2018-03-02,11021.27
2018-03-03,11434.775
2018-03-04,11484.3025
2018-03-05,11407.67
2018-03-06,10714.1525
2018-03-07,9906.9375
2018-03-08,9290.76
2018-03-09,9242.8475
2018-03-10,8782.6075
2018-03-11,9531.52
2018-03-12,9110.875
2018-03-13,9145.752499999999
2018-03-14,8196.002499999999
2018-03-15,8258.2625
2018-03-16,8263.135
2018-03-17,7860.99
2018-03-18,8190.5225
2018-03-19,8597.9475
2018-03-20,8916.135
2018-03-21,8893.932499999999
2018-03-22,8715.372500000001
2018-03-23,8923.185
2018-03-24,8537.41
2018-03-25,8449.845000000001
2018-03-26,8143.8525
2018-03-27,7791.3550000000005
2018-03-28,7942.025000000001
2018-03-29,7083.577499999999
2018-03-30,6836.785
2018-03-31,6923.344999999999
2018-04-01,6816.7225
2018-04-02,7049.0925
2018-04-03,7420.07
2018-04-04,6790.115
2018-04-05,6773.875
2018-04-06,6618.1825
2018-04-07,6896.5725
2018-04-08,7020.2325
2018-04-09,6774.387500000001
2018-04-10,6830.4575
2018-04-11,6940.6175
2018-04-12,7919.7775
2018-04-13,7887.8550000000005
2018-04-14,8001.112499999999
2018-04-15,8358.43
2018-04-16,8050.9825
2018-04-17,7891.842500000001
2018-04-18,8165.75
2018-04-19,8274.1525
2018-04-20,8865.48
2018-04-21,8926.289999999999
2018-04-22,8798.445
2018-04-23,8942.789999999999
2018-04-24,9660.2275
2018-04-25,8862.7725
2018-04-26,9279.4975
2018-04-27,8972.5975
2018-04-28,7003.575
2018-04-29,7048.55
2018-04-30,6932.3
2018-05-01,6805.1225
2018-05-02,6907.395
2018-05-03,9728.4725
2018-05-04,9691.58
2018-05-05,9808.465
2018-05-06,9612.11
2018-05-07,9359.41
2018-05-08,9175.295000000002
2018-05-09,9304.675
2018-05-10,9014.855
2018-05-11,8407.592499999999
2018-05-12,8474.95
2018-05-13,8693.4225
2018-05-14,8672.197499999998
2018-05-15,8472.782499999998
2018-05-16,8344.0
2018-05-17,8063.0625
2018-05-18,8240.9025
2018-05-19,8235.4375
2018-05-20,8518.56
2018-05-21,8394.82
2018-05-22,7988.022499999999
2018-05-23,7503.6025
2018-05-24,7579.6525
2018-05-25,7464.8575
2018-05-26,7335.157499999999
2018-05-27,7341.800000000001
2018-05-28,7110.775
2018-05-29,7464.1
2018-05-30,7376.932500000001
2018-05-31,7487.610000000001
2018-06-01,7514.0425000000005
2018-06-02,7637.102500000001
2018-06-03,7710.015
2018-06-04,7490.467500000001
2018-06-05,7618.0925
2018-06-06,7657.3575
2018-06-07,7685.817499999999
2018-06-08,7616.9275
2018-06-09,7496.75
2018-06-10,6770.3925
2018-06-11,6879.6900000000005
2018-06-12,6549.63
2018-06-13,6301.315
2018-06-14,6641.435
2018-06-15,6409.855
2018-06-16,6484.879999999999
2018-06-17,6446.4725
2018-06-18,6708.9925
2018-06-19,6738.8425
2018-06-20,6757.790000000001
2018-06-21,6717.922500000001
2018-06-22,6057.2625
2018-06-23,6171.745000000001
2018-06-24,6151.27
2018-06-25,6248.315
2018-06-26,6074.0875
2018-06-27,6134.070000000001
2018-06-28,5851.657499999999
2018-06-29,6202.7225
2018-06-30,6386.805
2018-07-01,6348.4525
2018-07-02,6615.177500000001
2018-07-03,6501.1375
2018-07-04,6585.455000000001
2018-07-05,6530.9425
2018-07-06,6598.3724999999995
2018-07-07,6756.004999999999
2018-07-08,6704.275000000001
2018-07-09,6663.3025
2018-07-10,6302.012500000001
2018-07-11,6382.08
2018-07-12,6244.9125
2018-07-13,6217.0625
2018-07-14,6248.969999999999
2018-07-15,6344.8325
2018-07-16,6725.165
2018-07-17,7314.895
2018-07-18,7374.959999999999
2018-07-19,7470.095
2018-07-20,7328.6725
2018-07-21,7404.7025
2018-07-22,7397.5375
2018-07-23,7718.5675
2018-07-24,8397.9025
2018-07-25,8164.862499999999
2018-07-26,7925.8425
2018-07-27,8181.3925
2018-07-28,8230.759999999998
2018-07-29,8214.6275
2018-07-30,8165.74
2018-07-31,7726.825000000001
2018-08-01,7604.4375
2018-08-02,7535.7875
2018-08-03,7415.264999999999
2018-08-04,7010.8
2018-08-05,7028.705
2018-08-06,6937.055
2018-08-07,6718.06
2018-08-08,6265.215
